公開日,動画ID,企業名,証券コード,動画タイトル,長さ秒,視聴回数,YouTube公開視聴回数,公開日視聴回数,公開後3日視聴回数,公開後7日視聴回数,総再生時間_時間,平均視聴時間,平均視聴率_%,インプレッション数,CTR_%,Reachデータ状態,チャンネル登録者増減,主テーマ,フック型,Analytics最終日
2026-08-20,kckNXVSU1A8,メタプラネット,,"【メタプラネット】純損失1,828億円でも株価16%急騰。BTC評価損は本当に「赤字」なのか？｜STOCK ARENA",523,,42,,,,,,,,,取得待ち,,未分類,矛盾・逆説 × 急騰・需給,2026-08-19
2026-08-19,dfKhr-pVfZ8,Abalance,,【Abalance】ストップ高なのに「監査意見不表明」。営業利益161億円を市場はどう評価すべきか｜STOCK ARENA,507,20,29,20,,,1.5667,0:04:43,55.94,564,1.42,更新済み,0,未分類,矛盾・逆説 × 業績サプライズ × 急騰・需給,2026-08-19
2026-08-18,5b0cN1058sg,北川精機,,【北川精機】次期売上100億円予想で純利益は+8%？PER52倍が織り込む「AI特需」と在庫リスクの真相｜STOCK ARENA,498,117,131,103,,,7.55,0:03:54,47.11,1006,8.25,更新済み,0,AI・半導体・データセンター,矛盾・逆説 × 業績サプライズ × 提携・需要変化,2026-08-19
2026-08-17,enGt0Pp-btg,テラプローブ,,【テラプローブ】最高益予想なのに下落、その夜に売上+62.6%。テラプローブで何が起きている？｜STOCK ARENA,433,60,68,45,60,,2.6,0:02:36,36.19,431,6.73,更新済み,1,未分類,矛盾・逆説 × 業績サプライズ,2026-08-19
2026-08-16,KwYDV3D6qWg,テスホールディングス,,【テスホールディングス】受注残436億円でなぜ株価急落？営業減益を招いた「利益先送り」と信用買残リスク,637,142,164,28,124,,9.2333,0:03:56,37.06,1863,4.51,更新済み,1,未分類,矛盾・逆説 × 業績サプライズ × 提携・需要変化,2026-08-19
2026-08-14,6G6dxxvN7v4,アシックス,,【アシックス】上方修正で株価急騰！営業利益率22.5%の衝撃と「PER30倍」が織り込む成長シナリオ,428,67,68,57,66,,1.1833,0:01:04,14.99,473,3.81,更新済み,1,未分類,業績サプライズ × 急騰・需給,2026-08-19
2026-08-11,YpA8wWTqSQc,シンデン・ハイテックス,,【シンデン・ハイテックス】経常利益6.3倍＆配当235円！PER4.9倍に放置される「借入金急増」のリスクを徹底解剖,489,95,101,18,49,82,5.75,0:03:38,44.63,832,7.81,更新済み,1,未分類,矛盾・逆説 × 業績サプライズ,2026-08-19
2026-08-10,vP0QjuBTyf4,タツモ,,【タツモ】営業利益95%減でも受注残は約3倍！株価急落を招いた「検収遅れ」は買い場か、構造的罠か,454,101,105,44,71,94,6.05,0:03:36,47.59,1551,4.71,更新済み,2,未分類,矛盾・逆説 × 業績サプライズ × 提携・需要変化,2026-08-19
2026-08-07,3ywF6CtsAk8,JDSC,,【JDSC】AWS採択で話題もPER22倍に放置される理由。高粗利AIと低粗利「DM発送代行」の二面性を徹底検証,496,157,161,3,66,90,6.05,0:02:18,28.0,1095,6.40,更新済み,1,AI・半導体・データセンター,提携・需要変化 × バリュエーション・需給,2026-08-19
2026-08-06,Klgx3o8dnlA,レーザーテック,,【レーザーテック】営業減益でも受注高125.7%増の真実。業績のズレを生む「検収基準」と顧客集中リスク,486,383,387,250,318,344,24.1833,0:03:48,47.04,2855,10.96,更新済み,0,その他,矛盾・逆説 × 提携・需要変化,2026-08-19
2026-08-05,D5PP0Ghhk_g,指月電機,,【指月電機】営業利益30億円へ上方修正！AI特需と「親会社離脱」がもたらす再評価シナリオを徹底検証,456,100,101,44,60,70,3.7667,0:02:16,29.86,1210,4.54,更新済み,1,AI・半導体・データセンター,業績サプライズ × 提携・需要変化,2026-08-19
2026-08-03,Soqxdzul340,スズデン,,【スズデン】経常利益2.4倍・配当利回り7%超。AI半導体特需と高還元株の死角,463,21,21,5,6,15,1.1667,0:03:21,43.56,391,4.35,更新済み,0,AI・半導体・データセンター,矛盾・逆説 × 業績サプライズ × 提携・需要変化 × バリュエーション・需給,2026-08-19
2026-07-31,kduz9-W_3Y0,東邦亜鉛,,【東邦亜鉛】V字回復でも株価が重い？「新株予約権」による希薄化リスクを徹底検証,475,161,175,0,18,30,8.3833,0:03:08,39.73,1004,13.54,更新済み,1,資本政策・M&A・ガバナンス,矛盾・逆説 × 業績サプライズ,2026-08-19
2026-07-28,dTVe7fZeZbc,さくらインターネット,,【さくらインターネット】営業利益12.3億円へ急回復！国策AIインフラの光と「巨額減損リスク」の影,478,169,170,99,113,116,4.5667,0:01:37,20.38,6191,1.76,更新済み,1,AI・半導体・データセンター,矛盾・逆説 × 業績サプライズ,2026-08-19
2026-07-27,e6JpvlA6f_4,コーエーテクモHD,,【Q1好決算】コーエーテクモHDが上期計画を突破！営業利益率42%の強さとPER16倍からの「株価上昇シナリオ」,539,38,41,9,14,18,2.3,0:03:38,40.6,486,6.38,更新済み,0,消費・IP・小売,業績サプライズ × バリュエーション・需給,2026-08-19
2026-07-23,4h2g5wBWqI4,信越化学工業,,"信越化学工業は今買いか？AIウエハ好調の陰に潜む「塩ビ減益43%」と自社株買い2,500億円の真実",587,207,207,39,130,203,8.1333,0:02:21,24.14,4209,4.23,更新済み,1,AI・半導体・データセンター,矛盾・逆説,2026-08-19
2026-07-21,ZsiHzy2w60o,進捗率113%の衝撃,3441,【進捗率113%の衝撃】山王（3441）がフィジカルAIの本命へ！実質PER5倍台の割安度と急落後の底値を徹底解剖,506,87,90,24,35,64,2.7667,0:01:54,22.71,1361,3.45,更新済み,0,AI・半導体・データセンター,矛盾・逆説 × 業績サプライズ × バリュエーション・需給,2026-08-19
2026-07-17,b5judqdZ4eI,ＹＥデジタル,,"【エヌビディア協業】ＹＥデジタルが1,128円から急落した真相！フィジカルAIの本命と「PEG 0.31倍」の投資価値を徹底解剖",703,399,400,126,214,319,25.35,0:03:48,32.55,2699,9.74,更新済み,3,AI・半導体・データセンター,矛盾・逆説 × 提携・需要変化,2026-08-19
2026-07-16,fGezis2rjZA,サイゼリヤ,,【ストップ高】サイゼリヤがついに値上げへ！PBR4倍への再評価シナリオと「円安依存」の死角を徹底検証,580,33,33,21,27,31,0.6333,0:01:09,12.04,407,2.45,更新済み,1,消費・IP・小売,矛盾・逆説 × 急騰・需給 × バリュエーション・需給,2026-08-19
2026-07-14,f3GFgdZYHG4,安川電機,,【安川電機】売上10%増も営業利益19%減の深層！ロボット利益82%減の衝撃と基幹システム移行の影を徹底検証,551,69,69,49,57,64,1.6,0:01:23,15.24,231,5.19,更新済み,0,資源・素材・製造,業績サプライズ,2026-08-19
2026-07-13,YWrjNeKZBR8,リベルタ,,【リベルタ】猛暑関連テーマの深層！機能性ウェアの成長期待と「新株予約権・信用倍率449倍」の需給リスクを徹底解剖,648,260,262,43,96,152,17.3,0:03:59,37.0,2615,8.15,更新済み,1,資本政策・M&A・ガバナンス,矛盾・逆説 × バリュエーション・需給,2026-08-19
2026-07-10,FZazL5XS_fw,良品計画,,【良品計画】経常利益990億円の深層！無印良品のグローバル戦略と「中国依存」リスクを徹底解剖,558,19,19,9,12,17,0.8167,0:02:35,27.9,588,2.04,更新済み,0,消費・IP・小売,矛盾・逆説 × 業績サプライズ,2026-08-19
2026-07-09,1XNo0hTd1Kc,パワーエックス,,【蓄電インフラの本命】パワーエックスの業績ロードマップと信用倍率709倍の需給動向を客観的に解説,630,162,163,71,106,136,11.0333,0:04:05,38.97,3413,3.45,更新済み,2,原発・エネルギー・再エネ,バリュエーション・需給,2026-08-19
2026-07-08,yF5ucLxQLsU,リミックスポイント,,リミックスポイント final video,550,24,24,11,19,21,1.2333,0:03:07,34.08,530,1.89,更新済み,0,その他,企業変化・深掘り,2026-08-19
2026-07-07,3s24LgNa3B0,放電精密加工研究所,,【放電精密加工研究所】大幅上方修正の深層！防衛・AI特需と今後の株価防衛線を徹底解説,558,125,126,53,59,67,6.1667,0:02:57,31.83,716,9.36,更新済み,0,AI・半導体・データセンター,業績サプライズ × 提携・需要変化,2026-08-19
2026-07-06,h2mcGEc0hcY,窪田製薬HD,,【窪田製薬HD徹底検証】株価急伸の背景と、特例承認プロセスにおける需給・財務リスクを考察,582,442,446,219,246,301,27.8667,0:03:46,39.0,2696,12.24,更新済み,2,ヘルスケア,矛盾・逆説 × 急騰・需給,2026-08-19
2026-07-03,qvWP9uPmD-Y,AIメカテック,,【AIメカテック徹底検証】業績急成長と信用倍率10.74倍から読み解く株価の現在地,568,353,353,81,135,263,18.1,0:03:05,32.59,3175,7.18,更新済み,2,AI・半導体・データセンター,バリュエーション・需給,2026-08-19
2026-07-02,7bs6ELSOGFg,任天堂,,【サウジ1.8兆円の衝撃】任天堂の株価反発と誰も語らない「利益率低下」の深層,705,96,96,62,74,91,2.5167,0:01:34,13.44,904,2.87,更新済み,0,消費・IP・小売,業績サプライズ × 急騰・需給,2026-08-19
2026-07-01,-7RNcKxLsWc,菊池製作所,,菊池製作所の深層：フィジカルAIの熱狂とPER105倍の現実,567,163,165,25,40,72,11.8167,0:04:21,46.09,1121,10.79,更新済み,1,AI・半導体・データセンター,矛盾・逆説 × バリュエーション・需給,2026-08-19
2026-06-30,ss_JrKiSyZw,Link-U,,【大化けAI株】エンジニア不要!? AIコード生成98%の「Link-U」が狙う世界覇権と、TOPIX除外を逆手に取るプロの勝率アップ戦略,701,98,98,27,43,55,7.1167,0:04:21,37.33,1020,7.25,更新済み,0,AI・半導体・データセンター,企業変化・深掘り,2026-08-19
2026-06-29,EXv89Z4tXZ0,ダイナミックマップ,,【次世代AIインフラの本命】粗利率80%超え!? フィジカルAIへと進化するダイナミックマップに、今から乗るための“絶対防衛ライン”,704,162,163,19,35,46,11.55,0:04:16,36.49,2051,6.29,更新済み,1,AI・半導体・データセンター,企業変化・深掘り,2026-08-19
2026-06-26,9qhfAvXGR1U,アール・エス・シー,,警備会社がフィジカルAIインフラへ大覚醒!? アール・エス・シーの爆上げと、絶対に死守すべき「1060円の絶対防衛ライン」,578,403,403,12,23,327,8.5167,0:01:16,13.19,13138,2.48,更新済み,1,AI・半導体・データセンター,急騰・需給,2026-08-19
2026-06-25,yz_uWHlsIF8,セレス,,ビットバンク売却で55億円の特別利益!? モッピー運営「セレス」の熱狂と、過去のしこり玉が密集する「1805円の壁」のリアル,635,80,80,42,55,59,3.1167,0:02:20,22.11,1204,3.74,更新済み,-1,その他,業績サプライズ,2026-08-19
2026-06-24,rSpIRpNrtto,パナソニック,,【祝・万年割安株からの脱却】スーパーキャパシタ量産で急騰のパナソニック！売上1兆円の夢と絶対に死守すべき「3703円の防衛線」,682,361,361,52,192,313,13.1167,0:02:10,19.18,6976,3.78,更新済み,4,防衛・宇宙・ドローン,急騰・需給 × 提携・需要変化 × バリュエーション・需給,2026-08-19
2026-06-23,Jlc-Jtd81o0,サンリオ,,【3期連続最高益】キティ＆クロミ無双で営業利益778億円！世界のサンリオに飛び乗る前に知るべき「818円の岩盤サポート」,488,309,309,295,297,303,15.9333,0:03:05,38.06,2567,8.93,更新済み,0,消費・IP・小売,業績サプライズ,2026-08-19
2026-06-22,q1uDScvMQfg,トライアイズ,,【テンバガー候補】株価500円台の超・原石！トライアイズが描く「AI×老舗企業再生」の夢と、プロが虎視眈々と狙う「第1号M&A」の号砲,588,164,165,48,95,147,4.7167,0:01:43,17.66,1507,7.17,更新済み,0,AI・半導体・データセンター,企業変化・深掘り,2026-08-19
2026-06-19,BTCe24GOWqk,北川精機,,【大化け半導体株】エヌビディア特需で覚醒！世界トップシェア「北川精機」の果てなき成長力と、安全に波に乗るための絶対条件,692,632,632,57,414,457,25.9167,0:02:27,21.34,6709,7.41,更新済み,9,AI・半導体・データセンター,提携・需要変化,2026-08-19
2026-06-18,Z4tzAXpPz0s,北浜キャピタル,,【超低位株の罠】株価20円台の北浜キャピタルが油液浸冷却で爆上げ！プロが警戒する「5.48億株の希薄化と巨額赤字」のリアル,636,1220,1226,252,746,878,71.7167,0:03:31,33.28,7499,10.39,更新済み,7,金融・金利,矛盾・逆説 × 急騰・需給,2026-08-19
2026-06-17,6LlydS0_23w,三井ハイテック,,【大化け半導体株】AI向け「リードフレーム」特需で爆上げの三井ハイテック！飛び乗る前に知るべき「巨額減損リスク」のリアル,602,443,443,119,349,382,17.1,0:02:19,23.09,6206,5.20,更新済み,1,AI・半導体・データセンター,矛盾・逆説 × 急騰・需給 × 提携・需要変化,2026-08-19
2026-06-16,1C8YIiELECI,Terra Drone,,【防衛大化け株】迎撃ドローン量産で急騰のTerra Drone！ウクライナ実戦の熱狂と、飛び乗る前に知るべき「96万株の罠」,613,116,116,50,65,78,4.2167,0:02:11,21.39,1600,3.75,更新済み,0,防衛・宇宙・ドローン,矛盾・逆説 × 急騰・需給 × 提携・需要変化,2026-08-19
2026-06-15,7JTpRZ6EAj4,テクニスコ,,【半導体株】株価1048円到達のテクニスコ！飛び乗る前に知っておきたい「PBR6倍の過熱感と薄商いの罠」のリアル,565,470,474,53,198,254,22.0333,0:02:49,30.01,4522,7.26,更新済み,3,AI・半導体・データセンター,矛盾・逆説 × バリュエーション・需給,2026-08-19
2026-06-12,IvAkc1fwzUc,アクセルスペースHD,,【宇宙関連株】PSR18倍の熱狂！アクセルスペースHDに飛び乗る前に知っておきたい「営業赤字38億円と723万株のしこり」のリアル,567,278,278,37,69,98,14.9833,0:03:14,34.24,5758,3.63,更新済み,0,防衛・宇宙・ドローン,矛盾・逆説,2026-08-19
2026-06-11,0rhTdpz0Jyc,三菱UFJ,,【日本株】日銀利上げで爆上げの「三菱UFJ」！純利益2.4兆円の裏でプロが警戒する「下値のメドと2つの死角」,635,99,99,17,54,89,3.9667,0:02:24,22.77,1885,3.40,更新済み,1,金融・金利,矛盾・逆説 × 業績サプライズ × 急騰・需給,2026-08-19
2026-06-09,M64uEXXFdF8,ルネサス,,【半導体株】PER12倍のルネサスは超割安？ 飛び乗る前に知っておきたい「518億円の赤字と米国株ショック」のリアル,658,318,318,33,84,125,16.4333,0:03:06,28.3,4410,5.15,更新済み,3,AI・半導体・データセンター,矛盾・逆説 × バリュエーション・需給,2026-08-19
2026-06-08,0ZIO4anzY5I,,,【宇宙関連株】株価一時4400円超えのQPS！PER320倍の熱狂の裏で、プロがこっそり狙う「2000円の窓埋め」のリアル,833,474,475,203,311,339,25.6167,0:03:14,23.36,4268,5.79,更新済み,4,防衛・宇宙・ドローン,矛盾・逆説 × バリュエーション・需給,2026-08-19
2026-06-06,oI_yFGUHZY0,ローツェ,,【半導体株】株価4500円超えのローツェ！飛び乗る前に知っておきたい「米国訴訟と387億円の在庫リスク」のリアル,653,290,290,7,61,81,14.7833,0:03:03,28.11,3008,6.75,更新済み,2,AI・半導体・データセンター,矛盾・逆説,2026-08-19
2026-06-05,IaCjWJ3vy48,さくらインターネット,,【大化け期待】株価2800円超えのさくらインターネット！飛び乗る前に知っておきたい「赤字転落と200億円の株ばらまき」のリアル,774,357,360,51,88,109,24.3333,0:04:05,31.71,4587,5.29,更新済み,1,その他,矛盾・逆説,2026-08-19
2026-06-04,RGVNMIv9NeA,ispace,,【宇宙関連株】ispaceが急落から反発へ！飛び乗る前に知っておきたい「赤字177億円」のリアル,546,345,345,98,177,194,14.6167,0:02:32,27.97,4437,5.07,更新済み,1,防衛・宇宙・ドローン,矛盾・逆説 × 急騰・需給,2026-08-19
2026-06-03,BuNbDIm2ieg,ニチコン,,【EV減速vsAI爆需】利回り＆収益改善のニチコン！株価3900円超えの熱狂の裏で、プロが狙う「底打ち」の絶対防衛ライン,638,145,145,54,78,92,4.2667,0:01:46,16.73,3226,2.26,更新済み,1,AI・半導体・データセンター,矛盾・逆説,2026-08-19
2026-06-02,FQHJqEfpZz8,豊和工業,,防衛関連株】株価1900円突破の豊和工業が爆上げ中！飛び乗る前にプロがこっそり確認する「もう一つの赤字事業」のリアル,820,775,775,189,520,613,33.6333,0:02:36,19.06,8108,6.70,更新済み,8,防衛・宇宙・ドローン,矛盾・逆説 × 急騰・需給,2026-08-19
2026-06-01,2x5xGIWsYec,富士通,,【日本株】AI＆防衛で急騰の「富士通」！時価総額6.3兆円の覇権企業、ここからさらに波に乗るための「2つの確認ポイント」,647,106,106,59,87,95,1.8333,0:01:02,9.66,1613,2.17,更新済み,0,AI・半導体・データセンター,急騰・需給,2026-08-19
2026-05-29,Gp0dyrxdI_0,フィックスターズ,,フィックスターズって今から買っても間に合う？ 量子コンピューターの熱狂と、安全に利益を狙うための絶対防衛ライン,758,520,520,238,354,429,33.65,0:03:53,30.74,7444,4.23,更新済み,6,AI・半導体・データセンター,業績サプライズ,2026-08-19
2026-05-28,yB05q6bx2eI,イーディーピー,,【日本株】次世代半導体で+21%急騰の「イーディーピー」！人工ダイヤの大本命、ここからさらに波に乗るための「2つの注意点」,541,316,318,51,99,135,19.95,0:03:47,42.04,2689,7.29,更新済み,1,AI・半導体・データセンター,急騰・需給,2026-08-19
2026-05-27,WpAYWow2Yuw,大化け期待,,【大化け期待】出来高3791%増で爆上げ中！飛び乗る前にプロがこっそり確認する「15kgから数万トン」の壁とは？,599,158,158,68,80,98,5.4333,0:02:04,20.72,1365,5.57,更新済み,0,その他,急騰・需給,2026-08-19
2026-05-26,PGZEUuam-rA,川崎重工,,【日本株】NVIDIA協業で爆上げの「川崎重工」！AI×防衛の大本命、ここからさらに波に乗るための「2つの注意点」,641,470,474,138,254,356,24.4333,0:03:07,29.2,8318,4.10,更新済み,3,AI・半導体・データセンター,急騰・需給 × 提携・需要変化,2026-08-19
2026-05-25,AJmfMOm5Sls,シンスペクティブ,,【日本株】防衛特需で急騰の「シンスペクティブ」！宇宙の大本命、ここからさらに波に乗るための「1つの注意点」,730,339,339,114,216,251,19.4833,0:03:27,28.36,4543,4.98,更新済み,3,防衛・宇宙・ドローン,急騰・需給 × 提携・需要変化,2026-08-19
2026-05-22,-qTAD9VNJHg,,,【暴落中】ストップ安の「楽天銀行」、大底はどこ？ 悪材料より厄介な「252万株の罠」とプロが狙う反発シナリオ,633,345,345,62,160,316,13.2167,0:02:17,21.8,7581,2.65,更新済み,5,金融・金利,矛盾・逆説,2026-08-19
2026-05-21,aAso_jiDQhQ,ソシオネクスト,,【日本株】NVIDIA特需で+18%急騰の「ソシオネクスト」！AIの大本命、ここからさらに波に乗るための「1つの注意点」,749,841,842,382,525,615,60.25,0:04:17,34.44,9487,6.32,更新済み,3,AI・半導体・データセンター,急騰・需給 × 提携・需要変化,2026-08-19
2026-05-20,j2uFT1pKGPE,UBE,,【日本株】日経暴落でも+20%急騰の「UBE」！高配当＆宇宙テーマの大本命、ここからさらに波に乗るための「1つの注意点」,667,361,361,99,112,169,22.95,0:03:48,34.32,5534,4.83,更新済み,1,防衛・宇宙・ドローン,矛盾・逆説 × 急騰・需給 × バリュエーション・需給,2026-08-19
2026-05-19,FdWxDjGBIM4,テスHD,,【日本株/テスHD】1000億円特需でストップ高！大本命の再エネ株、さらなる高値へ向かうための「2つの確認ポイント」,586,987,986,381,580,760,56.0333,0:03:24,34.92,13404,5.27,更新済み,7,原発・エネルギー・再エネ,急騰・需給 × 提携・需要変化,2026-08-19
2026-05-18,DIhEv0TjUkY,関東電化,,【S高】AI特需でストップ高の「関東電化」。でも中身は「たった2社に依存」で超キケン!? 飛びついてはいけないヤバい理由,646,268,269,61,75,133,13.2333,0:02:57,27.52,2311,6.40,更新済み,1,AI・半導体・データセンター,矛盾・逆説 × 急騰・需給 × 提携・需要変化,2026-08-19
2026-05-15,UffIvNL8fLg,荏原製作所,,【荏原製作所】荏原製作所って今買っていいの？ 売上絶好調の裏に隠された「信用買い13倍」の罠【半導体関連株】,589,573,572,183,313,381,24.9333,0:02:36,26.65,3328,10.30,更新済み,4,AI・半導体・データセンター,矛盾・逆説 × バリュエーション・需給,2026-08-19
2026-05-14,of-AvGSADq8,ジャパンディスプレイ,,【決算発表】米国進出で爆上げの「ジャパンディスプレイ」。でも中身は「倒産リスク点灯」で超キケン!? 飛びついてはいけないヤバい理由,619,1802,1804,1077,1370,1546,124.7167,0:04:09,40.25,16364,8.76,更新済み,17,その他,矛盾・逆説 × 業績サプライズ × 急騰・需給,2026-08-19
2026-05-13,taTgfz1dUAc,インペックス,,【決算/インペックス】上方修正で最終益4500億円へ。利益率50%超の裏に潜む「黄金株リスク」と価格依存の罠を徹底解剖,560,521,521,287,359,436,22.1833,0:02:33,27.38,5273,5.68,更新済み,2,その他,矛盾・逆説 × 業績サプライズ,2026-08-19
2026-05-12,f_G_acY5Jt4,ローム,,【日本株/ローム】決算■最終赤字1584億円でも買われる謎。PER52倍の罠と「会計上のマジック」を徹底解剖,751,394,394,220,265,279,25.55,0:03:53,31.11,2769,9.89,更新済み,1,その他,矛盾・逆説 × 業績サプライズ × バリュエーション・需給,2026-08-19
2026-05-11,vD5KR4XrkLk,TOWA,,【決算/TOWA】HBM特需でPER50倍も「2割超の減益」の衝撃。信用倍率8倍の罠と次世代技術の脅威を徹底解剖,726,1361,1361,404,655,826,81.4833,0:03:35,29.69,13045,8.18,更新済み,17,AI・半導体・データセンター,矛盾・逆説 × 業績サプライズ × 提携・需要変化 × バリュエーション・需給,2026-08-19
2026-05-08,pyv1_pwtQg4,太陽誘電,,【決算/太陽誘電】コンセンサス25%未達の衝撃。PER64倍の罠と「スマホ依存」の構造的弱点を徹底解剖,617,486,486,188,260,288,23.1833,0:02:51,27.84,6847,4.47,更新済み,2,その他,矛盾・逆説 × 業績サプライズ × バリュエーション・需給,2026-08-19
2026-05-07,ZzIrT1d2m4g,助川電気,,"【上方修正/助川電気】核融合特需で急騰も「営業CF60%減」の異常事態。PER41倍の罠と信用倍率7,468倍の闇を徹底解剖【Stock Arena】",741,483,483,73,347,404,19.5,0:02:25,19.62,9473,3.87,更新済み,2,原発・エネルギー・再エネ,矛盾・逆説 × 業績サプライズ × 急騰・需給 × 提携・需要変化 × バリュエーション・需給,2026-08-19
2026-05-01,LRNKHD90ThE,三菱商事,,日本株/三菱商事】純利益1.1兆円予想で急伸も、直近は「15%減益」の現実。伊藤忠との利益率格差と「3.4兆円の減損リスク」を徹底解剖【Stock Arena】,568,219,219,152,198,211,6.7833,0:01:51,19.65,5454,2.57,更新済み,1,資源・素材・製造,矛盾・逆説 × 業績サプライズ × 急騰・需給,2026-08-19
2026-05-01,bU-TYOpKgaQ,SUMCO,,【日本株/SUMCO】AI特需で急騰も「営業利益96%減」の異常事態。PER算出不能の罠と、信越化学との決定的な構造差を徹底解剖【Stock Arena】,606,511,511,26,100,183,28.7333,0:03:22,33.42,6902,5.35,更新済み,6,AI・半導体・データセンター,矛盾・逆説 × 業績サプライズ × 急騰・需給 × 提携・需要変化 × バリュエーション・需給,2026-08-19
2026-04-30,rAAA7glPy5o,村田製作所,,【日本株/村田製作所】AI特需で営業利益+34%の裏側。437億円の巨額減損と「PER32倍の謎」を徹底解剖【Stock Arena】,552,144,144,97,114,128,2.9833,0:01:14,13.58,1646,2.85,更新済み,0,AI・半導体・データセンター,矛盾・逆説 × 業績サプライズ × 提携・需要変化 × バリュエーション・需給,2026-08-19
2026-04-30,eGedfjRrI5w,内外テック,3374,内外テック 3374 T 【日本株/内外テック】半導体特需でストップ高も「手元現金が減る」異常事態。PER17倍の罠と東エレク依存の闇を徹底解剖【Stock Arena】 video,574,127,127,23,38,59,6.55,0:03:05,32.35,2442,3.32,更新済み,5,AI・半導体・データセンター,矛盾・逆説 × 急騰・需給 × 提携・需要変化 × バリュエーション・需給,2026-08-19
2026-04-29,QhRgPOmgBDU,NECキャピタル,,【NECキャピタル】最高益更新の裏で進む「660億円の赤字」。1兆円の有利子負債と金利上昇の罠を徹底解剖,589,201,201,5,63,74,7.9833,0:02:23,24.28,3648,4.77,更新済み,2,金融・金利,矛盾・逆説 × 業績サプライズ,2026-08-19
2026-04-29,HXCcgOM0Uws,NEC,,NECの深層：最高益でも売られる理由。巨大AI依存のジレンマと「PER15倍」への転落リスク,480,573,573,157,239,562,19.45,0:02:02,25.46,7821,3.95,更新済み,2,AI・半導体・データセンター,矛盾・逆説 × 業績サプライズ × バリュエーション・需給,2026-08-19
2026-04-28,mbAcnZ8BqBY,関電工,,【関電工】データセンター特需で株価急騰の裏側。PER26倍の異常値と「利益を削る人手不足」の闇を徹底解剖,680,309,309,65,99,119,17.6,0:03:25,30.18,4165,5.24,更新済み,0,AI・半導体・データセンター,矛盾・逆説 × 業績サプライズ × 急騰・需給 × 提携・需要変化 × バリュエーション・需給,2026-08-19
2026-04-28,jW3y87r-g8k,フジ・メディアHD,,【フジ・メディアHD】純利益71%減の裏側。テレビ事業の「253億円赤字」と、不動産売却に群がるアクティビストの思惑を徹底解剖,544,74,74,12,43,58,1.4,0:01:08,12.64,2318,1.77,更新済み,0,資本政策・M&A・ガバナンス,矛盾・逆説 × 業績サプライズ,2026-08-19
2026-04-27,8P-YiIGlBjE,ミナトHD,,【ミナトHD】AI特需で急騰も「黒字倒産リスク」浮上？PER9倍の罠と、103億円の借入に潜む財務の闇を徹底解剖,594,562,562,22,48,84,33.55,0:03:35,36.2,5324,8.36,更新済み,5,AI・半導体・データセンター,矛盾・逆説 × 急騰・需給 × 提携・需要変化 × バリュエーション・需給,2026-08-19
2026-04-27,pHK8uMvoDT4,マクニカHD,,【マクニカHD】NVIDIA特需の裏で進む「利益率急悪化」。経常減益20%に潜む商権剥奪リスクと構造的歪みを徹底解剖,542,899,902,28,489,540,30.65,0:02:02,22.66,11160,6.29,更新済み,8,AI・半導体・データセンター,矛盾・逆説 × 業績サプライズ × 提携・需要変化,2026-08-19
2026-04-26,dR6SIFXqyLA,河西工業,7256,【河西工業/7256】株価急伸の裏側！日産・イクヨの思惑買いと、自己資本比率5.2%の「倒産リスク」を徹底解剖,658,393,396,41,146,168,22.0833,0:03:22,30.75,4553,5.47,更新済み,2,その他,矛盾・逆説 × 急騰・需給,2026-08-19
2026-04-25,_3EAZlSh5zM,ACSL,,ACSLの深層：前日比12%急伸！ショートカバー相場の光と、PBR25倍に潜む「資金燃焼」の現実,705,1041,1042,156,326,428,71.65,0:04:07,35.15,10037,6.55,更新済み,16,防衛・宇宙・ドローン,矛盾・逆説 × 急騰・需給 × バリュエーション・需給,2026-08-19
2026-04-25,-KMuetmIAs0,,,"東京エレクトロンデバイスの深層：利益率1.3%の主力事業。決算前に立ちはだかる「3,400円のしこり玉」",629,409,410,30,275,293,14.8333,0:02:10,20.77,8157,3.56,更新済み,1,未分類,業績サプライズ,2026-08-19
2026-04-24,uULJgUopqWE,日東紡績,3110,【日東紡績/3110】AI半導体シェア100%の熱狂と「一本足打法」の罠。1年で10倍の無重力相場を徹底解剖,511,314,315,49,191,211,14.4333,0:02:45,32.41,5899,4.12,更新済み,5,AI・半導体・データセンター,矛盾・逆説,2026-08-19
2026-04-24,qTIkvUR_ysc,日本ギア,6356,【日本ギア/6356】原発再稼働でストップ高！独占シェア90%の熱狂と「11%減益予想」の罠を徹底解剖,752,417,417,72,184,216,25.3,0:03:38,29.05,4734,5.39,更新済み,7,原発・エネルギー・再エネ,矛盾・逆説 × 急騰・需給,2026-08-19
2026-04-23,l6jdNIJF3CQ,オプトラン,6235,【オプトラン/6235】光電融合の熱狂と「業績半減」の現実。PER53倍の先食いか、大化けの初動か,591,353,355,62,102,126,16.4667,0:02:48,28.43,3737,6.37,更新済み,1,AI・半導体・データセンター,矛盾・逆説 × バリュエーション・需給,2026-08-19
2026-04-23,SPCRzy8PD3M,ザイン,6769,【ザイン/6769】AI光半導体の熱狂と「最終赤字」の罠。PER計算不能のマネーゲームを徹底解剖,546,1422,1424,14,129,312,87.8,0:03:42,40.74,10675,10.33,更新済み,11,AI・半導体・データセンター,矛盾・逆説 × バリュエーション・需給,2026-08-19
2026-04-22,CVCUMNF_koE,テラドローン,278A,【テラドローン/278A】防衛特需で時価総額700億円へ。空のインフラ覇権と「資金枯渇」の罠を徹底解剖,652,767,767,186,505,609,32.9833,0:02:34,23.75,13233,4.76,更新済み,7,防衛・宇宙・ドローン,矛盾・逆説 × 提携・需要変化,2026-08-19
2026-04-22,cuI3UY3v3gI,フジクラ,5803,【フジクラ/5803】時価総額10兆円の熱狂と「PER75倍」の冷徹な現実。生成AI特需か、暴落の始まりか,589,857,857,39,255,421,52.3333,0:03:39,37.33,9264,7.13,更新済み,16,AI・半導体・データセンター,矛盾・逆説 × 提携・需要変化 × バリュエーション・需給,2026-08-19
2026-04-21,Q__n0KC548c,リガク・ホールディングス,,"リガク・ホールディングス：ストップ高の裏側。上値の壁「2,821円」と理論的下値メドを解説",666,822,822,236,300,418,50.6,0:03:41,33.28,9557,6.39,更新済み,6,その他,矛盾・逆説 × 急騰・需給,2026-08-19
2026-04-21,pHU3663gH1I,梅乃宿酒造,,【IPO解剖】梅乃宿酒造：老舗酒蔵の皮を被った「高収益リキュール工場」。配当利回り3.4%と「VCエグジット」の裏側,681,162,162,3,38,74,8.2167,0:03:02,26.84,3438,3.95,更新済み,1,消費・IP・小売,矛盾・逆説 × バリュエーション・需給,2026-08-19
2026-04-20,KoVVQ_ay2Vg,JX金属,5016,【ＪＸ金属/5016】AI特需でPBR6倍の超プレミアム。裏に潜む「株主希薄化」と巨額投資の呪縛,635,1413,1413,385,810,914,86.7833,0:03:41,34.82,19438,5.67,更新済み,27,AI・半導体・データセンター,矛盾・逆説 × 提携・需要変化 × バリュエーション・需給,2026-08-19
2026-04-20,mF_kzkE7IJ4,abc,,【abc】フィジカルAI参入で急騰！見せかけの黒字と「GC注記・株価希薄化」の残酷な現実,793,374,374,7,113,162,18.3333,0:02:56,22.27,6787,4.56,更新済み,3,AI・半導体・データセンター,矛盾・逆説 × 急騰・需給 × 提携・需要変化,2026-08-19
2026-04-19,nOBtQ8KqMLY,ヒーハイスト,,【ヒーハイスト】フィジカルAI熱狂で急騰（+18%）。エヌビディア連想の光と「慢性赤字・希薄化」の影,760,573,574,22,170,233,36.5167,0:03:49,30.19,8632,5.22,更新済み,9,AI・半導体・データセンター,矛盾・逆説 × 急騰・需給,2026-08-19
2026-04-18,6irjGxFpmj4,キオクシア,,キオクシア 285A final video,526,214,214,61,176,192,10.8167,0:03:02,34.64,3535,4.90,更新済み,0,その他,企業変化・深掘り,2026-08-19
2026-04-18,RR9mLs5RgtA,バトンズ,,【新規上場】バトンズ：極小需給とロックアップの罠。上場半年後の暴落リスクと投資戦略【Stock Arena】,613,222,222,21,83,170,8.7333,0:02:21,23.13,5071,2.54,更新済み,0,資本政策・M&A・ガバナンス,矛盾・逆説,2026-08-19
2026-04-17,744vAmBXikY,テクノホライゾン,,テクノホライゾンの深層：エッジAIで株価急騰。裏で進行する「巨額評価損」と信用買い残の恐怖,492,410,411,68,84,110,18.1833,0:02:39,32.47,4416,6.39,更新済み,5,AI・半導体・データセンター,矛盾・逆説 × 急騰・需給 × バリュエーション・需給,2026-08-19
2026-04-17,VYcynJqnsyU,ウェルディッシュ,,監理銘柄ウェルディッシュの深層：M&A急拡大の果てに待つ「ガバナンス崩壊」とパニック売りの行方,618,554,556,54,223,323,24.7333,0:02:40,26.01,8491,4.10,更新済み,1,資本政策・M&A・ガバナンス,企業変化・深掘り,2026-08-19
2026-04-16,4sxqdyUBRsI,ダイキン,,【ダイキン】エリオット介入で株価急騰！売上4兆円の裏に潜む「利益率8.5%の罠」と改革の行方,638,228,228,52,62,87,12.7833,0:03:22,31.66,3110,5.08,更新済み,0,資本政策・M&A・ガバナンス,矛盾・逆説 × 業績サプライズ × 急騰・需給,2026-08-19
2026-04-16,EPazhvJ7Jd0,KLab,,KLabの深層：スクエニ共同開発の熱狂と、上値を潰す「新株予約権」の罠,640,132,132,3,47,86,3.8333,0:01:44,16.36,4128,1.70,更新済み,0,SaaS・IT・DX,矛盾・逆説,2026-08-19
2026-04-15,XD8tgLIwHvQ,note,,ノート（note）：決算後の15%急落。PER60倍の現実と「適正株価」のシナリオ,635,193,193,83,110,126,9.7333,0:03:01,28.63,2625,4.80,更新済み,0,SaaS・IT・DX,矛盾・逆説 × 業績サプライズ × バリュエーション・需給,2026-08-19
2026-04-15,y5HbBNKzJ0c,ベイカレント,,【高決算】ベイカレント：PER15倍の真実。圧倒的成長の裏で進行する「労働集約の限界」とは？,674,195,195,27,109,157,7.3167,0:02:15,20.05,6309,2.02,更新済み,0,その他,矛盾・逆説 × 業績サプライズ × バリュエーション・需給,2026-08-19
2026-04-14,NH01AGqUk98,インフォメティス,,インフォメティス：AIインフラの熱狂と「売上半減・資金枯渇」の現実。現在の株価は適正か？,593,345,345,1,108,159,17.35,0:03:01,30.55,4067,5.29,更新済み,3,AI・半導体・データセンター,矛盾・逆説,2026-08-19
2026-04-14,BvnWdTTwSys,QDレーザ,6613,【QDレーザ(6613)】AIデータセンター需要で高PERの狂乱。光電融合の夢と「土建屋構造」の罠を徹底解剖【Stock Arena】,835,2289,2289,37,576,969,195.0333,0:05:06,36.74,22100,7.40,更新済み,23,AI・半導体・データセンター,矛盾・逆説 × バリュエーション・需給,2026-08-19
2026-04-13,kWtTpnW-uW0,電通グループ,,【電通グループ】旧村上ファンド保有で株価急騰の罠。崩壊する業績と「狂乱の需給」を徹底解剖,1171,282,283,78,111,124,21.4,0:04:33,23.33,1824,8.33,更新済み,1,資本政策・M&A・ガバナンス,矛盾・逆説 × 急騰・需給,2026-08-19
2026-04-13,xEkmwt0UHYs,京進,4735,京進（4735）の記念配当と、教育ビジネスが抱える「構造的リスク」,977,15,16,6,7,12,0.5833,0:02:22,14.6,558,0.54,更新済み,0,消費・IP・小売,矛盾・逆説,2026-08-19
2026-04-12,Klivqn7VoxY,TSIホールディングス,,TSIホールディングス 利益2.6倍と「70円増配」の衝撃。絶好調の決算とアパレル特有の「固定費の壁」を徹底解剖【Stock Arena】,1125,137,137,16,23,29,8.8667,0:03:53,20.74,1645,6.44,更新済み,1,消費・IP・小売,業績サプライズ,2026-08-19
2026-04-12,pphVqANkxtE,ホームポジション,2999,ホームポジション(2999) 経常利益3.9倍の衝撃。通期計画を超過したのに「上方修正」が見送られた謎を徹底解剖【Stock Arena】,1179,35,35,10,25,28,1.3,0:02:15,11.48,1309,1.61,更新済み,0,その他,業績サプライズ,2026-08-19
2026-04-12,GNVK5JQjXos,バリュエンス,9270,バリュエンス（9270）株価急騰の罠。絶好調の裏に潜む「会計上の爆弾」を徹底解剖【Stock Arena】,858,134,134,33,96,99,5.3833,0:02:24,16.87,2068,2.90,更新済み,2,その他,矛盾・逆説 × 急騰・需給,2026-08-19
2026-04-11,7sIU7b-5vCA,ユニチカ,3103,【ユニチカ 3103】7倍暴騰はイナゴの錯覚。PER43倍の砂上の楼閣が崩壊する「Xデー」の真実,1212,615,615,85,224,343,41.0667,0:04:00,19.84,5701,8.16,更新済み,2,その他,急騰・需給 × バリュエーション・需給,2026-08-19
